-5.9776,3.1367
-6.0664,-0.54089
4.1144,7.2991
9.5634,0.44196
6.3961,6.0645
-5.667,3.642
-1.9378,7.4368
4.1742,-9.6315
-3.2708,-10.767
0.048814,-4.6592
2.0775,7.9204
-0.87286,-10.918
2.4145,-10.364
6.7467,-7.7249
3.1891,-2.3319
-0.91966,-11.004
-4.7278,5.3794
-5.2229,-2.2276
9.5053,-1.875
5.1509,-9.0713
8.6845,-5.0491
2.126,-10.542
-5.0141,-2.6055
3.1213,-2.2123
8.3044,-5.6988
6.2907,-8.2234
-6.0027,2.9905
9.096,1.8965
-5.146,-2.6034
9.4861,-1.9598
1.9661,7.9405
-4.0985,-10.51
1.4568,8.0006
-6.2551,0.11433
4.9028,-9.2793
9.4997,0.68914
2.6679,1.0401
7.2194,-7.2664
-6.2772,1.5578
9.0848,2.2287
0.19374,7.9249
-3.9071,-3.7673
8.8811,-4.338
4.1162,-9.6939
-0.4407,-4.7567
-6.2144,0.84124
9.5556,-1.8727
8.7304,-4.7167
-5.2794,4.4367
-5.8942,3.1032
-3.9395,6.1985
4.6612,7.2098
-6.0931,2.878
8.9995,2.252
0.24242,-10.916
0.55906,-10.841
-5.2589,4.553
-6.2248,0.45436
0.4422,-10.898
8.0521,4.0623
-1.2573,7.696
-1.5921,7.5627
-0.36883,-10.913
-5.5965,-1.7652
-5.7207,3.7447
9.615,-1.4593
6.7546,5.739
1.7066,-10.629
5.8096,6.4686
9.6212,-0.53563
2.7021,7.8334
3.9916,-9.7523
-3.0477,6.7669
1.9822,7.924
0.98261,-4.3334
9.4193,1.1365
-4.9482,4.8843
4.4649,7.348
-3.1425,6.6682
9.3937,-2.2323
3.288,-1.0814
1.4004,-10.625
9.1694,1.998
3.4378,-10.013
9.1183,-3.6068
-5.7896,-1.0424
3.1041,-2.0465
0.93809,7.9384
-2.8459,6.9833
1.2194,1.8816
-3.8412,-3.6363
7.1569,-7.3389
-5.7912,3.5047
8.9499,-3.9822
-5.1313,-2.5572
1.2966,7.9984
0.50207,-10.849
-2.9639,6.8983
-4.9838,-10.201
4.6411,7.121
4.301,7.4439
3.3602,-9.9921
8.4497,-5.5011
-1.4988,-10.996
7.5572,4.9332
6.7635,-7.7712
6.4284,-8.0135
7.1763,-7.292
9.5131,0.66471
3.4569,-9.9014
-5.9034,3.5202
4.1788,7.2853
-3.1805,6.6276
6.5198,5.9418
-0.2837,-11.024
7.8661,4.4833
-0.78891,7.8251
-4.2342,-10.418
1.7507,1.7024
-6.2432,1.2129
-4.127,-3.5272
6.8455,5.6452
5.8706,-8.5542
-3.7051,6.4173
-5.5529,3.9973
-6.2129,1.3972
-3.3635,-10.558
0.0077744,-10.94
-3.6918,-10.603
7.3973,-7.017
4.0495,7.4198
0.48924,1.9528
-4.5668,5.6223
-3.4013,-3.8928
-4.8736,-10.28
0.61147,-10.907
2.728,-10.295
2.9408,-10.175
-5.2028,4.5967
-0.62592,-10.902
-5.2221,4.8432
7.5471,-6.8458
8.6845,2.9753
9.2342,-3.2865
-6.1713,-0.096269
-0.55238,7.8011
0.57931,-10.767
2.0892,-3.5075
-4.5619,5.546
1.3186,-4.0795
7.0137,5.4483
0.64679,8.041
-6.0592,2.373
1.9855,1.7044
4.0608,7.3931
-3.1086,-4.226
-6.2806,0.19252
3.4255,-1.0419
-2.4836,-10.769
-3.7019,6.3925
2.2829,-10.543
0.34264,1.8503
-6.0133,2.6483
3.4454,-1.0124
5.8405,-8.5995
7.7755,4.5927
-1.7501,7.4122
3.1436,-1.8757
6.3691,6.0443
-0.12207,-10.82
8.6358,3.0051
1.1739,1.9554
3.4682,-1.2467
-5.2968,4.6199
-0.51185,-10.84
-5.3255,-2.2684
-0.64991,7.7379
4.0825,7.3546
9.1382,-4.1362
-6.2255,1.4978
3.6297,-10.045
0.17046,8.0525
8.7775,2.6582
-3.6756,-3.8573
1.4263,8.0012
8.5751,3.221
6.21,6.258
2.9011,-10.289
6.6586,-7.8991
-0.84826,-11.018
6.7223,5.9217
5.8332,6.4775
-2.0459,7.3469
9.3433,-2.9504
-5.5368,3.9227
-1.7363,7.4435
5.6831,6.5348
9.5637,-0.13338
5.2788,6.8464
6.3646,6.0228
8.6843,-5.0258
6.6023,5.7722
-1.4408,-10.842
-2.7409,-4.27
0.058924,-10.906
-0.21903,-10.999
9.5746,0.053456
0.36398,-10.966
8.6693,-5.2088
-4.0335,-10.537
-1.1111,7.7079
5.5351,-8.86
-2.3689,7.3081
4.8659,-9.1971
5.9807,-8.4774
3.3159,0.12974
-6.1282,0.26322
-4.0357,-10.477
9.3899,-2.38
-6.2629,0.39979
-2.0478,-4.4962
7.934,-6.2474
9.5277,-1.5915
-3.3926,6.637
-5.8111,-1.386
7.7484,4.7116
8.0999,4.1545
-4.1862,5.9033
2.816,-2.7183
9.5751,-0.6821
9.184,-3.8375
-4.4192,-3.2681
7.4945,4.8641
-4.4827,-10.274
-4.3249,5.6867
0.31192,-4.513
-6.179,1.2296
1.4695,8.0626
-6.2175,1.8861
-6.3494,0.87775
5.4399,-8.8548
3.9445,-9.7746
9.2133,1.5031
-3.5151,-4.0297
6.3725,5.9973
-5.0421,-2.7123
6.3109,6.0263
7.9647,-6.3868
-4.1335,5.8285
3.7867,-9.8006
9.4956,-1.7776
9.2205,-3.1869
-4.4998,-10.358
3.4133,-1.0056
-3.7482,6.1392
-2.5264,-4.4856
-3.107,6.7518
3.2688,-1.408
-6.1522,2.0046
8.9398,2.2063
9.4137,0.64979
-2.304,-10.802
8.8067,2.7317
-5.4349,4.2135
0.65531,1.8207
7.8905,-6.3773
-2.8372,-4.3268
2.0979,-10.541
0.43973,-4.4858
8.4033,3.5457
3.4264,-0.60529
8.4105,-5.4666
-5.0071,4.8341
-4.0683,-10.557
3.2606,-10.182
1.5203,-4.0522
9.0258,2.4365
-1.3078,7.655
-5.9932,-0.91475
4.2223,7.3651
-5.2792,4.3476
9.0727,1.9487
5.1407,6.9014
-0.095201,-10.83
-6.0411,2.5481
9.1487,-3.5834
-3.0263,-10.772
-4.8205,5.204
-4.5785,5.4745
9.3115,-2.9662
-2.4576,-10.735
-1.1937,-4.6382
1.0377,-10.852
8.754,-4.552
-1.8603,-10.892
1.0812,7.9325
-1.4102,-4.6471
-3.6836,-3.8943
6.7513,5.8732
9.187,-3.3619
-1.9427,7.2807
2.1938,-10.623
-2.6912,6.9709
-3.337,-4.0644
-1.294,-10.852
-4.1579,-10.482
-3.9283,-3.6345
-5.0555,-10.058
-0.20884,-4.723
9.5722,-1.6661
7.3167,5.0733
2.2274,1.5947
1.0544,-10.776
-1.9301,-4.6699
-3.7285,6.2567
-4.7325,5.2847
-2.2702,-4.5468
-1.3771,-10.888
-4.2662,5.8199
6.8292,-7.7238
2.5076,-3.0767
-1.4139,-4.6568
-5.0415,-2.4318
-2.7984,-10.766
-5.6209,-1.7411
9.1937,1.7305
3.5498,-9.9229
9.0607,2.1225
-1.3021,7.6871
-1.7018,-11.011
1.8277,-10.513
5.6393,-8.5964
3.8954,7.5194
-2.6819,-10.75
5.9346,6.4464
3.1183,0.50903
-5.0755,4.8137
-1.7264,-10.915
-6.2432,1.091
-6.1945,2.4684
9.3637,1.4637
-3.4786,6.5454
4.5968,7.1832
7.3211,5.0775
-3.165,-4.2429
6.6021,-7.9687
9.2105,-3.7486
1.3726,-10.725
4.4521,-9.4855
2.0506,8.0171
-2.6618,-4.361
9.5859,-0.29875
-0.041387,-10.923
6.6789,-7.8656
0.14872,-10.891
-4.3288,-10.38
-6.3204,0.54075
-4.2776,-10.402
-3.4834,-4.0361
-0.92139,-10.895
-4.8572,5.0393
0.59378,-10.824
0.92746,-4.2742
4.0352,-9.7706
-4.4682,5.5302
9.5103,-0.30971
4.3242,7.3855
0.082167,-10.891
2.3368,-10.496
3.3761,-1.1577
6.5533,-7.9275
4.5488,7.3297
-3.9466,-3.5459
7.9458,-6.1401
3.0978,-2.0723
-3.7923,-10.608
9.201,1.8528
9.2271,1.6542
2.3075,-3.2669
0.20638,8.0613
6.0139,-8.3677
2.5124,-10.337
-2.9007,6.8072
5.7502,-8.5718
0.19043,-10.967
1.8952,-10.558
9.1665,-3.9076
-0.69415,7.7912
-6.2846,0.70199
6.9055,-7.5311
-6.0901,2.0049
0.77409,1.9825
-4.4021,5.6997
0.6451,-10.923
-1.6023,-10.897
3.9428,7.5095
9.2668,1.1093
-4.1109,6.1423
9.4554,0.046235
8.9115,2.3235
2.5591,1.1957
2.8415,0.86332
8.6883,2.978
-5.5962,-1.8219
1.8937,7.9976
3.7904,-9.8066
3.3323,-10.102
4.7203,7.2372
-5.6544,4.0194
4.2095,7.2819
3.3113,-1.3453
3.0253,0.69298
0.83231,7.9668
4.958,-9.2799
-5.6652,3.8896
3.2445,7.6439
-5.6752,3.7992
-4.655,-10.198
-4.9245,5.0504
4.6223,-9.5338
1.4137,-4.037
0.17485,-10.822
-6.1548,1.8827
-6.1107,2.0388
9.2784,-3.5191
8.6865,3.1805
-6.1062,-0.62081
-1.2268,-10.956
-3.7699,-3.6992
-2.8828,6.945
3.281,-10.045
-3.8242,6.2727
4.7886,7.0213
9.5139,-0.069827
-1.3857,7.6366
7.563,-6.8096
-0.34638,-10.85
-4.6601,-10.312
1.933,-10.537
-0.31973,-10.842
2.4533,-3.3047
4.123,-9.6699
-5.7213,-1.5289
-1.0367,-10.952
2.8989,7.7569
8.7846,3.0108
-4.2274,-3.5369
-0.81708,7.7529
9.3965,-3.177
-0.95089,-10.896
-4.621,-3.0827
-0.56818,-10.938
9.5338,-0.14686
0.62535,8.0025
-3.6649,-3.8764
-2.2452,-10.924
8.2466,-5.784
8.3529,-5.5866
3.2739,-10.073
8.9017,-4.5191
2.3667,-3.3352
-6.2008,1.9028
3.312,-0.91851
1.1707,-4.1955
5.265,-8.9726
2.7636,-2.8579
9.6469,-0.72432
7.4364,-6.9225
8.0946,-5.9799
2.242,-3.4334
-1.4397,-10.996
3.1894,-1.7772
5.1845,6.8834
0.19163,-10.899
9.3554,0.6582
-2.4714,7.1649
2.4963,7.9471
2.7698,-10.263
1.3484,-4.0803
-3.9943,-3.6043
0.45849,-10.885
9.5053,-2.3974
-6.2995,0.85604
5.4581,-8.83
7.9146,-6.1755
7.481,5.0619
0.58091,-4.5062
1.0121,-4.287
6.1984,6.2145
-0.64001,-4.6146
2.5968,-10.351
8.025,-5.9564
-3.1403,-10.77
7.5587,4.7945
0.51387,-10.794
1.5633,-10.627
8.4765,3.3499
3.002,7.7209
-0.58276,7.7952
-4.4812,-10.317
5.9274,6.4074
5.3769,6.7841
2.8001,-10.304
9.4708,-0.26407
-5.0516,-10.207
-2.8253,-4.3296
1.8793,1.7948
9.4827,-1.0959
-5.59,-1.8585
-0.43258,7.9038
-1.2118,-10.923
-5.5311,4.0714
6.8165,-7.7694
-1.4141,7.673
-0.92789,-4.7463
-4.6591,-3.0003
-5.5924,4.0285
-5.6689,3.9451
-2.3069,-10.92
6.3354,6.147
-4.7183,-10.234
-6.1841,0.80607
-2.0142,-10.887
-5.8838,3.3101
8.5196,-5.164
9.3249,-3.3429
-3.1269,-4.2685
9.578,-1.031
-5.0656,-2.5684
-1.8768,7.3885
-6.083,2.7059
-6.1749,1.4318
-5.3928,-10.056
-1.0047,-10.898
6.7965,-7.7158
9.5703,-1.3604
-5.1485,-10.159
0.40351,-4.4807
-4.2333,-3.3451
6.2525,-8.2094
-1.7425,7.3984
2.0837,-3.5817
-0.0021364,8.0052
3.3831,-1.4824
2.6492,-10.428
-4.9484,4.9899
9.1048,1.813
-5.5285,4.2817
-4.7521,5.273
8.4265,3.4524
-6.1071,-0.080829
9.3478,-2.5533
9.387,1.2316
5.6338,-8.6882
3.2268,-2.0706
-1.4733,-4.7257
9.2397,1.4297
8.6351,3.3162
-2.4161,7.2806
6.9299,-7.6279
9.0016,2.3691
-6.1197,-0.41371
-5.4891,-9.9735
-4.0957,6.0928
9.5434,0.23222
7.9169,-6.1001
9.671,-0.79583
9.5298,-1.7806
9.1218,2.098
-4.0813,6.0339
2.9795,-2.1962
1.5304,-10.638
9.2372,-3.0871
-2.9686,-10.727
-2.261,-4.5806
-4.0325,-3.7321
-2.0113,7.4646
-5.3301,-10.105
-5.402,-1.8831
1.3809,7.9274
6.4166,-8.0474
1.8068,7.9136
9.3601,-2.6544
-4.5604,-10.353
-0.78471,-4.6967
2.8082,-10.288
3.4779,-1.0349
-3.571,6.4682
9.1053,-3.9169
0.4305,-4.5276
0.89802,-10.852
4.3545,7.2905
8.459,-5.6454
9.3004,-3.3747
3.3541,-0.49276
1.8007,1.8379
-4.6799,5.1909
-2.7209,-10.732
-2.4267,-10.807
9.6529,-0.98717
8.0999,4.0255
9.4288,-2.2417
-0.9695,-10.91
2.3231,-3.3194
0.005169,7.9536
-4.2679,-3.4816
9.336,0.73219
-0.2841,-10.959
9.1497,-3.7737
3.3008,7.8019
-4.3142,5.8745
-2.6438,7.1205
-5.5051,-1.9598
-5.0732,-2.4516
-5.8852,-0.82816
-0.4901,7.8005
-3.3237,-10.621
-6.2673,0.76257
5.7764,6.6084
-3.7444,-3.7312
1.3087,8.0872
2.4741,-10.392
1.4235,1.8682
0.29311,-4.6449
-1.8831,-10.892
-5.3821,4.3103
-4.4185,-10.35
4.2779,7.3649
-1.2373,-10.913
0.9569,-10.821
1.4632,8.0341
6.9815,-7.4916
1.6557,8.0178
-5.6237,-1.5573
0.71543,-10.798
-2.4305,7.1619
-0.4601,-11.03
5.3992,6.885
3.1593,0.27469
-1.8592,7.4261
9.4114,-2.0303
-0.81722,7.8595
-5.5148,-1.8246
6.4688,5.9329
2.063,-10.471
3.3175,7.7897
-0.9853,7.7342
9.478,-2.2301
5.3678,6.9466
8.4058,3.5413
2.4477,-3.3592
-2.3562,-10.896
6.8265,5.518
6.8352,-7.7078
-3.425,-3.9006
7.7473,-6.5018
-6.1592,0.68996
5.2297,6.8623
-4.8961,-2.869
6.5117,-7.8826
-6.2813,2.1079
0.24076,7.9972
-5.9737,-0.69011
-6.2218,1.777
3.2696,-0.0016278
3.3969,-1.5602
0.16217,-4.6317
0.65848,8.0132
-0.17668,-4.595
5.1922,6.8401
-1.9169,7.454
-6.1298,1.7104
-6.1757,1.4126
3.1963,-10.079
2.523,1.3566
-5.1923,-10.03
0.22141,-4.5732
-4.5922,-10.264
8.5527,3.4812
-2.2588,-10.915
-3.5326,-3.8044
7.0094,5.424
8.8254,2.7375
2.2927,1.5212
9.6262,-1.0767
-0.042437,-10.941
8.494,3.4834
7.7625,4.5787
0.97039,-10.712
7.968,-6.2719
-0.44643,-4.6116
-1.7679,-10.976
0.21297,-4.6003
-1.7243,-10.854
4.5823,7.1644
-6.1871,0.26427
-5.0873,-10.078
-5.6769,-1.576
-6.1502,0.53929
8.8128,-4.5568
8.0167,4.1489
7.1541,5.3662
9.5227,-2.4518
-5.9927,2.9461
5.1916,6.9822
3.8253,7.4268
-6.2141,0.48681
9.4908,-1.539
-4.001,5.9706
8.7381,-4.7237
1.5544,7.9344
-3.202,-10.757
1.1113,7.9919
6.9221,-7.6055
9.6002,-0.12257
0.17919,-10.941
3.0551,-10.122
-6.0683,2.3112
8.1653,3.936
-5.5863,-9.9188
6.4549,-7.9594
0.84682,-4.4294
7.9397,4.3155
-1.1805,-11.008
1.2429,8.116
2.7333,1.1222
-1.4279,-10.859
4.4959,7.2809
-3.0953,-10.72
-3.8086,-3.8223
0.35186,-4.4411
-6.0053,-0.88006
0.8414,7.936
1.8326,-3.9374
-1.3794,-4.6087
-4.9747,-2.8316
-4.7871,-10.296
9.455,0.10031
-3.41,6.5992
2.9564,-10.192
1.4922,-10.677
2.6628,-10.278
-5.9438,3.258
9.251,1.6156
5.6481,6.5239
7.5972,-6.8454
-6.1876,0.08565
3.8403,-9.7685
4.8484,7.1684
3.2861,-10.089
2.1504,1.7191
-1.4991,-4.6111
4.2252,7.2483
2.8044,-2.9267
7.7539,4.4264
-5.5177,4.1396
7.7053,4.5967
5.55,-8.8037
5.5002,6.6633
-4.2918,5.8375
-1.869,7.3863
7.366,5.047
1.3742,8.0079
0.48528,-4.4804
-3.0922,6.8697
0.79253,-4.3341
3.5086,-10.059
9.5208,-0.83632
5.7125,6.6444
-5.5116,-9.9814
0.80627,-10.709
-4.5978,-3.0636
1.6355,-3.913
9.5773,-0.59455
-6.1647,0.16741
-1.206,-10.959
8.3837,3.855
3.0756,-10.271
6.0794,6.257
5.5295,-8.8572
-4.0929,-3.6709
9.641,-1.6968
2.2422,-3.5312
9.4856,-1.5669
6.5684,5.908
-3.7678,6.2993
2.8199,7.7787
1.1576,8.0023
0.53168,-4.6039
-3.624,6.3434
0.4241,-4.5636
2.6529,-3.106
0.63793,-10.832
1.9671,1.6698
9.5169,0.18799
6.2556,6.0443
9.4195,0.42571
0.20946,-10.791
3.3016,-10.114
-2.5064,-4.5034
3.0573,7.7332
-3.2927,6.7523
-5.3976,-9.8712
-4.8676,-10.298
1.5449,7.9689
2.4079,-10.528
-2.1545,-10.863
3.2491,7.6754
-2.9422,-4.2337
6.9169,-7.5527
7.48,-6.8062
3.7701,-9.9514
8.0613,-6.2457
-5.7544,-1.5715
8.3291,-5.6692
8.435,3.41
-0.98077,7.7686
-1.0623,-10.903
-6.1498,0.57978
-1.9628,-10.946
9.0264,2.1469
6.2392,6.1526
0.29365,8.0554
9.442,-2.5802
-6.2999,1.5231
-2.905,6.8998
9.3578,0.65175
6.5412,-7.8667
2.0309,7.9885
-1.2499,7.6091
-6.2238,0.36389
-5.9864,3.2153
8.9642,2.6293
3.6452,-10.041
4.0736,7.4925
-2.8708,6.9215
7.6821,-6.5937
7.0962,5.3865
4.7915,7.0453
5.292,6.8737
-5.7003,-1.4552
6.189,-8.4303
-4.2808,-3.3618
5.6778,-8.8022
6.162,6.1317
9.4839,-2.5715
1.8719,7.9744
0.062372,-4.7236
-1.1694,7.688
0.34607,-4.5656
-0.65074,-10.873
-3.1976,-10.688
-4.3509,-3.2358
-2.0703,7.3783
8.9189,2.4799
-6.2367,0.33927
5.124,-9.0443
-0.70509,7.7531
-0.10717,-10.811
-3.0477,-4.2222
9.6253,-1.0524
7.754,4.6162
7.5489,-6.7471
3.4806,-10.063
-3.0118,-10.842
-6.3343,1.5118
7.8721,-6.1966
-5.9955,2.5081
-4.9018,-2.72
3.3528,7.7255
8.0154,-6.2167
1.0953,-10.856
1.7538,-4.0422
8.7333,2.8021
-4.2864,5.8052
5.7166,-8.7412
-1.7979,7.5491
3.3063,-0.46126
-3.8223,-10.533
-0.45445,-10.989
-2.4103,-10.875
5.8775,-8.4474
5.8525,-8.6873
0.02566,7.9185
-6.1002,0.13052
-2.5746,-4.3585
-4.9584,5.1303
7.0379,-7.6235
2.9775,-2.5803
-1.7165,-4.6593
-6.2581,0.26571
3.4448,-0.58011
3.0823,7.8459
7.857,4.3875
-6.2134,1.3323
4.5505,7.2557
7.9059,4.2569
7.3404,-7.135
8.4932,-5.4251
9.6216,-0.61549
2.9748,7.8891
7.9357,4.2945
-6.0336,-0.95096
2.2656,-3.5039
-2.1225,-4.6291
-3.2986,6.5909
3.3249,7.73
-4.5798,5.4295
0.19671,-4.5595
7.4689,-7.0157
-2.8553,6.8716
-3.8889,-10.554
-2.357,-10.833
1.1164,-10.746
-4.8635,-2.7325
-5.5695,4.0237
6.9234,5.4874
-3.6259,-10.567
6.7576,-7.7726
7.2727,5.3216
9.4355,-1.8687
-1.0059,7.6514
8.6084,3.2744
1.0557,-10.728
6.0802,6.3645
4.2206,7.3292
4.0641,7.4813
6.0096,-8.4742
4.0089,7.4666
1.0517,8.0861
3.1189,-10.086
-0.75188,7.8537
1.0983,-10.813
7.7796,-6.606
7.4658,-7.039
7.2227,5.348
5.3974,6.723
-3.0427,-4.2436
-3.8057,-10.538
0.67431,-10.887
7.5543,4.9314
-1.4026,-10.95
7.9816,-6.1984
1.7091,7.996
2.9052,0.80043
-2.8912,6.8551
-4.7921,-2.9187
-3.127,6.7683
9.2562,-3.6667
-3.4013,6.6481
-4.9489,-2.7722
8.496,3.3828
6.9465,-7.6595
7.6,4.9374
2.6217,-2.9326
-3.0686,-10.781
2.8179,-2.8015
5.1345,7.0793
6.8781,-7.6273
-6.0541,-0.7196
2.3353,7.9379
-1.7701,-10.846
3.3574,-1.4081
-0.11936,7.836
-6.0328,2.9063
6.5176,-8.0362
-4.3794,-10.354
0.688,-10.912
-0.65516,-4.7626
7.9532,4.193
9.5835,-2.08
-4.4083,-3.2551
1.891,7.9801
-6.1749,-0.046132
9.5431,-1.1224
-0.20221,-4.7472
7.8503,-6.4532
-0.86764,-4.7235
-0.29421,-4.57
-0.42245,-11.005
6.8673,5.623
8.5194,3.4902
4.7128,7.1136
7.7378,-6.4484
3.3124,7.6122
2.3724,-10.48
-1.9425,7.4493
2.939,-2.5133
-1.9541,-10.786
6.3219,6.1431
-1.9855,-10.778
-2.8672,6.873
9.3275,-2.8337
2.2963,1.359
9.3537,-3.0688
-0.38105,-11.025
-6.2368,1.71
-1.3417,7.6201
-3.4516,6.5383
2.6986,-2.8432
2.7544,4.6413
5.0057,-5.0456
4.4079,10.573
-8.9688,4.052
-5.5797,8.8591
-8.6325,-2.4503
-5.5945,8.8173
-9.2944,0.45167
1.2344,11.168
-9.1034,3.062
-1.3103,10.94
1.5003,11.038
5.5765,2.3935
0.17764,11.145
-9.2218,3.0817
-8.9874,3.7944
-9.2519,1.9661
-8.388,-3.2334
-1.3513,10.879
-9.1321,3.0928
-9.2537,-0.7066
-3.0861,10.304
2.5592,11.071
4.1178,3.8298
-3.1128,1.4483
-5.7369,-6.2907
-9.2673,0.22559
5.4749,10.164
4.5071,-5.5221
-4.3265,-6.937
-3.5689,10.05
-0.51873,-7.7575
-4.8556,-6.798
-0.51339,-7.8147
-0.58002,10.981
0.053069,10.993
6.1475,0.8197
-6.6828,-5.4123
-8.7298,4.6381
-3.9296,9.9032
3.7155,4.1789
-6.1201,-6.0748
-6.8239,-5.1562
-2.2895,-7.6821
-9.2584,-0.68212
-7.3725,-4.5681
-2.9813,2.2042
-8.6145,-2.586
-1.98,3.789
-7.9692,-3.8976
-7.8301,-4.1094
-0.84251,10.994
-3.1159,2.0485
-6.8814,-5.168
0.64097,4.8417
3.5659,10.789
-2.5817,10.58
-9.0776,3.0308
3.5259,-6.3749
-2.1069,3.621
-5.1518,-6.6285
6.3015,0.024432
2.6755,10.96
-9.3338,2.4339
0.86215,-7.6781
6.3006,0.059088
-0.61142,-7.7414
0.38094,11.128
-4.653,-6.8458
6.3756,-0.011298
6.2688,-1.9766
-9.2431,2.762
-2.9815,10.429
-5.7543,8.547
-7.4656,-4.5141
0.57606,11.08
5.6563,-3.855
-9.1973,-0.5498
-0.1315,-7.7892
-7.6494,-4.2797
-4.2651,-7.1009
-2.8998,2.494
-4.0541,-7.0878
6.335,-2.2306
4.1057,10.738
-7.3442,7.0495
-2.1289,3.6463
-1.8006,-7.7034
-8.5567,5.0227
-8.531,-2.901
4.5031,3.5535
-6.3434,8.2958
-2.5872,2.8959
-1.5028,-1.6749
-0.33329,11.055
-1.2786,4.2515
2.8741,-6.8913
-5.9919,8.5323
-1.4564,4.1295
-4.81,-6.6801
2.0201,-7.3107
-6.674,7.7388
-3.0524,10.258
-7.2553,-4.7506
-3.003,2.1727
6.3119,-1.869
2.535,4.6952
-9.3487,0.93118
-8.3073,-3.2551
0.4921,-7.7217
6.0231,-3.1735
-5.174,-6.4863
-8.6916,-2.4924
-0.20564,-7.7022
1.1527,-7.5923
-0.12249,4.8724
-7.7107,-4.1192
4.6804,-5.4154
1.6194,4.8161
4.1911,10.604
-3.7573,9.9314
-4.7412,9.352
-2.9831,1.9708
-4.3968,-6.9422
-9.2686,2.2328
-9.1901,2.3805
-3.7243,10.03
-9.1161,-1.3093
-7.9577,-4.0099
1.3439,-7.4076
-1.7163,4.0687
-2.3529,3.3852
-7.4454,7.0221
-6.229,8.3072
6.0791,1.0175
-3.2345,1.4384
-9.3957,0.81183
-8.8181,-2.3076
3.1787,11.035
-3.9865,9.7913
-9.3025,0.70858
5.0481,10.449
-2.9472,-7.4565
3.1214,10.936
-4.7092,-6.9804
-3.633,-7.2593
-2.9243,2.3326
-1.4436,4.1704
-6.9913,7.4625
-9.3635,1.47
-8.8846,-2.0576
3.5514,10.933
5.5297,2.1461
-2.2382,-1.1774
-7.7515,6.3746
-9.3978,1.5323
4.7422,3.3077
-1.7434,4.0716
-3.9814,-7.2102
-2.449,-0.90661
-5.4123,8.9579
-9.3901,1.1
6.5312,-0.45488
3.4518,-6.3788
6.1505,-2.8026
6.2493,-2.2022
-3.681,-7.2883
6.1036,1.5045
5.6216,10.144
3.4346,-6.4401
-1.0958,10.914
3.2295,10.845
2.3059,4.7982
-1.4017,-7.7562
6.2634,0.64105
4.659,-5.5675
-1.6195,-1.4834
-8.9873,-1.8072
-6.1038,-6.0314
-9.0812,-1.0199
-0.97791,10.982
-9.3972,0.96096
1.2586,11.062
5.4182,-4.2139
-9.2465,2.7043
-9.2185,-0.41755
0.47029,-7.7143
4.4191,3.7048
-7.3827,-4.7041
1.7192,11.137
-6.7989,7.5859
-5.7981,8.6799
-6.397,8.188
3.9675,-6.2292
-2.0111,3.8055
1.1079,11.125
-2.9207,2.3051
6.35,-1.9937
5.0767,-4.8423
-2.8003,2.8284
-3.6067,10.121
-2.2987,-7.6114
-2.7549,-0.30812
6.4561,-1.5726
-7.6869,-4.379
1.1319,11.048
-2.9118,-0.15264
-2.7095,10.548
1.3363,11.041
-9.3317,1.878
3.8961,10.793
3.1426,10.889
-7.1461,7.4414
-2.4914,3.3004
-9.3894,0.7653
-2.5991,-7.7038
-7.7012,-4.0622
5.7893,-3.736
-3.3286,-7.3785
-6.3131,-5.6787
6.3854,0.46533
-5.267,8.9828
5.0685,3.1519
-8.9378,3.8748
-3.048,10.201
0.27752,11.12
-1.1464,4.304
-9.433,1.1298
-3.9729,-7.2582
5.9411,-3.5058
-1.7845,3.8409
2.4604,-7.0989
4.2154,10.64
-2.838,-7.4677
-9.3852,1.7117
3.0129,-6.7781
-7.1427,-5.0791
-2.9993,-7.526
-9.0265,3.5012
5.3213,10.318
3.9141,10.706
4.9952,-4.9699
5.7954,1.8321
-2.5861,10.543
-7.6975,-4.0709
-1.0338,10.873
5.085,10.492
-3.2068,1.0157
1.3357,-7.4845
-5.5859,-6.3828
-4.0447,9.7661
-8.3856,-2.9124
-9.1737,3.5563
0.082028,11.007
1.761,-7.337
-8.5879,4.8625
-7.03,7.591
6.516,-1.0056
-6.3089,-5.6763
6.3986,-1.9345
-2.8941,-0.04391
-1.4959,10.899
-9.3761,2.4659
-0.39878,10.974
2.5082,11.066
-2.072,-7.6292
-7.1055,-4.955
4.592,-5.4604
-8.7944,4.3087
3.5211,10.976
-9.1196,3.3596
-4.4581,9.6765
-0.09189,11.087
-1.2762,10.848
-1.9959,3.7502
-6.6455,7.8443
-3.8173,-7.3323
3.3749,10.959
-4.319,-7.046
-3.031,2.3753
1.1976,4.9372
6.1566,0.74812
-5.552,8.8564
6.5272,-0.5654
1.4488,11.206
0.39469,-7.663
-6.9517,-5.0991
0.75357,-7.5736
-8.3474,5.5734
1.7231,11.102
-9.2836,2.7212
-5.0246,-6.7259
-5.7433,8.6918
-1.8488,-1.4133
0.62783,11.084
3.3506,4.4109
-7.0082,7.5066
-1.3803,-1.6774
4.441,3.666
-3.1815,0.61643
4.3354,-5.8066
-2.7978,10.408
-5.9881,8.4687
-4.7379,-6.8199
0.61591,-7.6427
-0.77165,-7.8609
-1.8409,10.818
-2.4373,-7.5981
4.248,10.7
-8.5188,4.8589
-0.97473,10.879
3.9323,4.1213
4.923,-5.2264
-3.2696,10.145
5.5413,-4.1622
-3.6697,10.023
-0.28016,10.969
2.9262,4.5529
-8.6449,4.6105
4.0031,4.0436
0.45415,4.8497
3.4872,10.921
-2.2371,-1.102
6.0857,1.4865
4.7082,3.5338
-0.33008,11.019
4.9965,-4.9067
1.0916,11.101
5.513,10.32
-3.2108,1.4467
6.2432,-2.7872
-2.8464,-0.39776
6.438,0.080609
-2.6632,10.518
-8.5825,-2.8409
3.9287,3.8934
6.0039,1.5723
-9.217,2.6866
5.0694,-5.0432
3.7924,-6.2281
4.1709,-5.9488
5.1512,-4.8513
6.555,-1.0487
6.4093,-0.19437
6.4668,-0.10928
-5.6127,-6.2513
-9.0816,3.7262
-1.1841,10.881
5.8185,1.6393
0.64041,-7.5788
-7.7301,-4.0769
6.3568,-1.1876
-9.1907,-0.46472
6.0254,-3.1031
0.99827,-7.6654
-0.95675,-7.7173
6.2465,0.41725
-5.3287,-6.462
-5.869,-6.1629
6.2835,-1.9868
-2.2441,-7.7387
2.8306,4.6456
-9.211,2.9732
-7.4501,-4.5019
-8.7168,-2.5007
6.3676,-1.2467
-4.7563,-6.8757
4.1393,3.8486
1.6281,4.8987
-5.5956,8.9019
0.22099,-7.8245
-5.7562,-6.2169
4.3804,-5.5514
1.4279,-7.3843
0.15914,-7.7415
-8.0377,6.0968
-4.5712,-7.0207
-9.387,1.779
-9.2772,-0.68521
-8.2037,5.6719
-2.671,10.393
1.9598,4.9382
4.3593,10.716
6.1289,1.1266
-2.8778,2.2092
-0.81384,10.994
-1.0313,4.4355
0.66547,4.8708
6.2739,0.14439
-2.8912,10.431
6.2552,-2.6023
-0.94831,-1.6266
-5.4272,8.8551
-2.9046,2.4434
-9.1956,-0.72322
0.38098,4.7823
6.4576,-1.4568
0.04765,-7.6799
-4.7106,9.4641
-8.3631,5.216
-7.0655,7.4092
3.604,10.962
-7.1621,7.2922
3.4925,10.962
6.1,-3.3247
-9.2611,3.0496
-1.3184,10.882
-1.9417,3.6434
-6.3009,-5.8792
6.5043,-0.2647
-5.1913,9.0899
3.399,-6.5379
-3.2568,0.71695
-0.87256,11.03
-7.3129,6.8847
0.28833,-7.6666
4.6772,10.573
-5.7781,8.6891
5.9813,-3.5368
-3.1579,0.23671
1.0622,11.219
-9.373,0.38312
-2.277,-7.7739
-3.2512,0.64232
0.4363,4.8568
-3.4988,10.218
-3.6571,-7.2226
-8.7873,4.1471
-4.4368,9.644
5.3048,-4.5629
5.0536,-4.9162
-8.6713,-2.3444
-8.2268,5.5991
-3.0015,1.814
6.4816,-0.5845
-6.0899,-5.831
6.5336,-1.0117
-1.5351,-7.7307
5.577,10.169
3.1549,10.895
-8.2774,5.5376
-4.3522,-6.9992
-5.3054,9.1506
-3.1724,1.0751
-8.0359,-3.8279
-1.8772,10.806
-0.44007,-7.861
-7.9882,6.0476
-2.2643,-1.1088
6.2025,-2.6721
-7.7668,6.2915
6.3459,-1.6761
6.4478,-0.48275
6.4619,-0.50039
-3.1313,1.5618
-7.0965,-5.0462
2.7673,-6.9538
-9.4727,1.2652
4.3376,-5.7155
-2.6341,10.431
0.08725,-7.8087
6.2394,0.87402
-9.2556,-0.10458
0.29913,-7.6459
6.4572,-0.41319
6.26,0.66491
-2.715,-0.5563
5.5023,-4.267
-7.2808,7.1865
1.0208,-7.4973
1.6892,-7.387
-2.3838,-1.1228
3.8409,-6.1874
-1.1114,4.4161
-3.1788,-7.3923
4.4648,-5.5524
1.6171,11.066
-7.9575,-3.8532
5.1391,-4.8773
-2.9022,2.2661
-3.2439,1.2469
-7.4005,7.0358
2.6219,-6.9163
6.2734,-2.7337
-0.78066,10.964
-7.7055,6.6782
2.8447,10.929
-0.99194,-7.7613
-0.0043442,4.8061
-0.19085,-7.8179
0.68853,4.8919
-4.1928,-7.1112
-8.5245,4.962
5.5578,10.136
-6.8213,7.7693
1.0024,-7.5392
5.6211,2.2477
-0.96415,-7.837
-9.4433,0.94941
-1.3311,4.2913
-3.081,1.4745
-3.0375,-0.011459
-2.3984,10.466
5.254,2.7645
3.0239,-6.6334
2.4739,10.963
6.2883,-2.1947
-4.9472,9.357
-9.2178,2.6505
-8.8696,3.9917
4.36,10.636
-9.2993,-0.51594
5.8779,1.7589
1.0777,11.219
-9.2213,-0.15851
4.213,3.8716
2.5285,-6.919
-9.2956,-0.22515
0.17454,4.8718
-2.2953,10.636
1.8218,4.7775
-6.7375,-5.3717
5.7546,1.7885
1.2679,4.9334
0.92044,-7.5409
3.7236,10.78
-7.402,-4.5332
-9.0407,3.8372
1.8001,11.066
6.4076,-1.1608
0.13169,4.7879
-1.7007,-7.8683
-8.3049,-3.1276
-2.3897,-7.6006
-1.3039,-7.788
-5.9999,8.3689
2.3464,11.125
2.0117,-7.2133
1.7896,-7.3044
-6.9877,7.5355
-1.1997,4.379
-4.4797,9.5082
-5.6397,8.8614
6.4265,0.32019
-6.8805,-5.2936
4.4958,-5.5961
-7.5941,-4.4631
-8.7955,4.1323
-3.0743,2.1969
3.5644,10.954
4.0185,10.808
2.0499,4.7392
2.202,-7.222
2.3886,-7.1948
-7.1285,7.2998
-2.8319,10.288
6.0015,-3.0223
0.44273,11.204
-3.2761,1.2287
-3.9035,-7.2778
-9.0324,-1.5859
-9.3679,1.9184
-9.3732,0.89906
-5.0838,-6.6173
-8.4471,-3.1669
-5.4898,8.8997
-3.3131,10.25
-8.117,5.778
6.4076,0.10125
-1.421,4.2125
-9.4045,1.7578
-8.6211,4.69
-6.6124,-5.3012
-2.544,10.42
1.7672,11.024
-1.4779,4.1795
1.5606,-7.3617
5.0939,2.9917
1.4272,4.859
-9.0412,-1.0677
-8.0548,6.0295
-7.4391,-4.5974
-7.7853,6.4934
4.8228,10.472
6.0136,-3.2612
-8.6961,4.5932
-8.7943,-2.4389
4.7739,10.412
4.3521,-5.7659
3.416,10.89
-3.062,2.0365
-2.5081,3.2823
1.3936,4.9296
4.0026,-6.1275
-8.8204,3.9903
-5.9156,-6.0169
1.2708,11.054
6.3191,0.25769
1.6283,4.9869
-6.6569,-5.4856
-8.5549,-2.8872
-7.7779,-4.0581
-9.3062,1.0059
6.2913,-2.24
-6.0225,-6.0599
-1.5263,4.1976
6.2988,-0.095446
-8.9899,3.9243
0.23521,-7.7635
-8.779,-2.0394
-0.63057,-7.7192
5.8873,1.6687
5.9823,-3.3304
-7.0072,7.4873
-3.8838,-7.159
-9.3564,0.75241
6.4632,-1.5259
-9.2978,1.8151
-4.2759,-7.1701
-3.6895,-7.2295
-0.65243,-7.7941
-6.9493,7.4984
0.12524,4.8475
-0.62912,11.044
-6.1005,8.4029
1.2868,-7.5377
1.9572,-7.388
-2.068,-7.7089
-6.6359,7.8441
-6.1845,8.4705
-3.8659,-7.3303
-8.9132,4.0617
1.9201,11.013
-0.9479,-7.8134
-7.157,7.2615
-3.0107,-0.061757
-2.573,10.491
1.5362,4.9661
2.7485,4.5646
4.2149,-5.9446
-0.77317,10.909
-6.3481,-5.7708
-8.9695,-1.7087
4.4872,10.57
-7.3887,-4.5025
-4.1216,-7.091
-2.0839,-7.6313
6.3702,0.43077
-9.0891,3.619
1.6557,11.067
6.0608,-3.0554
-2.9105,-0.1171
-9.3384,-0.34433
-3.145,0.68939
-0.42968,10.975
5.6206,-4.1812
-2.8653,2.4177
6.3833,0.58737
0.98702,4.9587
-9.0123,-1.1639
5.5002,2.4649
-3.5189,10.161
-1.963,-7.8348
-7.7888,6.3632
5.4847,2.2501
5.9689,1.8011
6.4094,-1.4127
-2.2913,-1.1823
-2.6966,-7.6416
-7.9627,-3.9363
-1.3414,-7.8944
-9.1721,2.7727
5.9555,-3.6784
-0.34681,11.006
-4.3896,9.5751
-7.7033,6.7296
-6.8848,7.5429
-2.438,-7.5762
-8.9185,-1.7363
-2.2054,3.5232
5.2675,-4.564
3.211,-6.5481
3.1311,4.4292
-8.4326,5.097
0.89214,4.9252
0.67927,11.204
-1.1607,10.804
4.4348,10.561
-7.4327,-4.4383
-9.4167,1.0314
5.4218,10.145
-7.5779,-4.405
-3.7915,-7.373
-2.9386,-0.38835
-2.6594,2.8658
-8.1728,5.7259
-6.3467,-5.5873
-7.849,-4.044
-1.6944,-1.4674
-9.0991,-0.74399
1.7539,11.198
-9.3643,1.7973
-9.0222,3.6895
-5.4521,-6.5216
-2.9601,0.12837
-2.0549,3.6256
-6.9089,7.6364
-3.0636,1.7022
-9.2757,0.74985
0.90618,11.111
-8.374,5.626
-4.6293,9.4492
4.2174,10.627
-1.5694,-7.7775
-5.4644,8.9993
-4.8838,9.3401
-1.7784,-1.5075
-4.9132,-6.6704
-2.6014,-0.59406
-7.6691,6.4851
5.6351,-4.1996
-3.1769,1.8541
-9.2389,-0.32367
-9.147,-1.1979
3.6212,10.931
3.355,-6.559
-9.3368,2.4985
-2.9705,-0.24107
5.2602,-4.7285
4.418,-5.605
-4.2608,9.8286
-7.667,-4.1625
0.22295,-7.8269
6.3709,-2.1366
-8.8744,-1.7467
-1.735,-1.5287
-1.9966,10.741
-8.2926,-3.3589
-4.5855,-6.8881
4.7837,-5.2804
-3.0067,2.3181
-6.2649,8.2443
-3.2021,1.2406
-5.2705,-6.4969
-4.7009,-6.9649
-6.1248,-5.8162
-6.6481,-5.3934
5.3167,-4.6914
-3.554,-7.3727
-2.7647,-7.5446
-9.1509,3.0562
4.8377,-5.1575
5.5537,2.4004
4.8591,3.2686
-1.4659,-1.5895
3.9192,10.738
1.7999,4.8405
4.8212,-5.2757
6.5343,-0.5495
3.1913,-6.6971
6.3924,-0.20159
-4.3001,9.727
1.059,-7.5078
-5.8231,8.6048
1.7828,-7.3251
-1.2025,-7.7522
-8.5502,5.1137
5.3505,10.316
-8.9977,3.5438
-2.1248,10.556
-4.5771,-6.9656
-3.0893,2.1214
-8.2771,-3.0854
6.349,-0.47295
-6.1136,8.4233
3.1875,4.4517
-7.9544,-3.7033
-0.16379,-7.8759
-5.8808,-6.0157
-1.1589,10.865
-1.9743,10.653
-6.8622,-5.3877
-7.6731,6.6813
-9.2316,-0.033246
-8.9861,-1.4031
-9.3759,0.732
2.0516,-7.1371
-9.1205,-1.0641
1.241,-7.4418
5.1618,2.787
4.328,-5.6561
6.4627,-0.91557
5.9077,10.167
-7.106,7.3137
-7.9966,5.9472
5.4115,2.5816
-1.1318,10.805
-8.0913,5.8419
0.1417,-7.7497
4.1835,-5.8559
2.8238,-6.977
4.8393,3.2632
-7.297,7.079
-6.5085,8.169
-4.6977,-6.7953
-3.6139,10.077
-8.3844,-3.0841
1.9101,11.105
0.58219,-7.7156
2.073,-7.2442
0.41487,4.9165
1.5632,4.9263
6.432,-2.1684
4.697,-5.4492
-2.2559,-7.6217
6.4832,-0.82197
-2.1854,10.665
5.2544,-4.7356
6.1169,1.0863
-0.75538,10.94
-2.3656,-7.66
-8.7016,-2.2127
2.3018,11.022
4.7106,3.4351
1.547,11.043
4.7506,3.3706
2.4061,11.071
6.4368,-0.99276
-5.5476,-6.268
-2.5434,10.439
4.674,-5.3519
-2.6709,2.8096
-9.2125,-0.37796
-8.5597,-2.6621
5.1766,2.76
4.9801,3.1647
-1.0858,10.994
-9.3574,1.6529
-6.6461,-5.3546
-8.973,3.8843
-9.3679,2.1111
-8.3463,5.5562
-5.9945,8.5104
-9.2667,2.4966
-0.56981,4.6864
1.4201,-7.3854
-9.2473,3.1064
6.5179,-0.45759
3.0032,4.588
-2.3435,10.527
-7.9496,6.096
4.0323,-6.0043
-1.3283,4.2414
-7.4109,6.9708
-8.3781,5.1978
-2.4187,-7.6724
6.1354,1.0128
-0.70764,11.091
2.5618,11.085
6.4918,-1.3547
-9.1359,-1.0232
-9.345,0.78255
-2.9383,2.5205
-8.8513,-1.9596
-8.8997,-1.8375
1.1709,-7.5503
0.34798,11.101
-8.9996,3.649
-3.0147,10.238
-1.4566,10.914
-6.4204,-5.8334
-0.44203,4.642
-6.8653,7.6573
-8.423,-3.0576
-6.6826,-5.5168
3.2562,10.976
-7.728,6.5972
-0.88165,-7.8782
1.5169,11.041
-9.2016,-0.21616
-7.9532,-3.8
-1.972,3.7326
-3.8967,10.015
-2.0923,3.6526
-1.7677,-7.7088
-3.2811,10.272
3.4683,-6.4061
5.6345,2.244
-2.513,10.562
-2.263,3.3893
2.6436,-6.935
-7.6477,-4.3473
6.1244,1.0459
5.577,10.212
5.8203,-3.8384
-1.1874,10.86
1.9793,-7.3809
0.55594,-7.6893
6.384,0.20887
6.3112,-2.4633
-2.0085,10.615
-2.8462,-0.57905
-8.3285,5.5423
5.0859,2.9991
2.0265,-7.2755
-3.1062,10.198
-3.1803,10.252
5.4292,10.321
-9.2704,2.0786
5.3703,-4.4942
-3.0826,1.3471
-8.1456,-3.449
-8.9773,3.4247
-2.8195,10.422
4.0764,10.754
2.516,10.994
-9.2462,-0.5838
1.1703,11.188
-7.4971,6.8934
-2.8761,-7.4802
0.13496,4.9173
1.1552,-7.5436
4.4293,3.693
2.8054,-6.907
-9.4181,2.0732
-0.30104,-7.8057
-6.0724,8.2839
0.75433,4.8717
3.1777,10.889
6.0812,1.1387
4.5736,10.597
-6.0357,-5.9685
-6.055,-5.9426
-2.3726,10.66
-3.0949,1.7169
6.1202,-3.0238
-9.2579,2.7664
3.4936,10.795
4.5779,10.504
-9.2202,-0.089468
-6.5832,7.9562
4.9912,-4.9299
-0.21535,-7.7502
-7.3123,-4.6597
2.1814,11.12
6.0367,1.4773
-9.3359,-0.18593
-8.3863,5.3334
-2.9344,2.092
-8.8506,-1.7434
-9.1647,-0.79213
5.2714,2.8155
-5.1096,-6.6094
6.3555,-1.7978
-1.6719,3.9021
-8.9818,-1.6786
-3.767,10.028
5.3844,-4.4379
6.3492,-0.54256
-2.8995,2.678
0.35106,4.8699
-7.097,7.3422
-8.0839,6.0076
-1.945,-7.8276
1.6817,4.817
-0.041667,-7.8354
-5.4015,-6.4829
-5.4183,-6.4907
4.2607,-5.8009
4.6763,3.3596
3.2531,10.937
-7.2445,-4.7888
-7.6952,6.5755
-6.2114,-5.8552
-1.3479,10.854
-9.0224,-1.6718
-8.8801,-2.2756
5.3042,10.363
6.047,1.5267
-4.9528,-6.6677
-2.9189,2.3395
0.64024,-7.5729
4.3092,-5.7653
-9.4491,1.632
1.146,-7.5292
-8.9754,3.9233
4.4893,-5.5925
0.80708,4.9878
-0.89676,10.88
2.4213,11.074
-3.3263,10.156
2.2121,11.118
4.8637,10.438
5.0442,-4.9364
-2.7663,10.38
-9.161,-0.44356
-5.6561,-6.2033
-0.95391,10.964
-4.9775,9.2314
-4.9747,9.4293
